CREATE TABLE uzytkownicy (
    uzytkownik_id INT PRIMARY KEY AUTO_INCREMENT,
    login VARCHAR(100) UNIQUE,
    haslo VARCHAR(255) NOT NULL,
    imie VARCHAR(50) NOT NULL,
    nazwisko VARCHAR(50) NOT NULL,
    role ENUM('admin', 'pracownik') DEFAULT 'pracownik'
);
CREATE TABLE wpisy_pracy (
    pozycja_id INT PRIMARY KEY AUTO_INCREMENT,
    uzytkownik_id INT NOT NULL,
    data DATE NOT NULL,
    godzina_rozpoczecia TIME NOT NULL,
    godzina_zakonczenia TIME NOT NULL,
    godzin DECIMAL(5,2) AS (TIMESTAMPDIFF(MINUTE, godzina_rozpoczecia, godzina_zakonczenia) / 60) PERSISTENT,
    zatwierdzone BOOLEAN DEFAULT FALSE,
    FOREIGN KEY (uzytkownik_id) REFERENCES uzytkownicy(uzytkownik_id) ON DELETE CASCADE
);

CREATE TABLE nieobecnosci (
    nieobecnosc_id INT PRIMARY KEY AUTO_INCREMENT,
    uzytkownik_id INT NOT NULL,
    data_nieobecnosci DATE NOT NULL,
    przyczyna TEXT,
    zatwierdzone BOOLEAN DEFAULT FALSE,
    FOREIGN KEY (uzytkownik_id) REFERENCES uzytkownicy(uzytkownik_id) ON DELETE CASCADE
);

CREATE TABLE zmiany (
    zmiana_id INT PRIMARY KEY AUTO_INCREMENT,
    nazwa VARCHAR(50) NOT NULL,
    godzina_rozpoczecia TIME NOT NULL,
    godzina_zakonczenia TIME NOT NULL
);

CREATE TABLE zatwierdzenia (
    zatwierdzenie_id INT PRIMARY KEY AUTO_INCREMENT,
    pozycja_id INT,
    zatwierdzone_przez INT NULL,
    zatwierdzono BOOLEAN NOT NULL,
    zatwierdzenie_data TIMESTAMP DEFAULT CURRENT_TIMESTAMP,
    komentarz TEXT,
    FOREIGN KEY (pozycja_id) REFERENCES wpisy_pracy(pozycja_id) ON DELETE CASCADE,
    FOREIGN KEY (zatwierdzone_przez) REFERENCES uzytkownicy(uzytkownik_id) ON DELETE SET NULL
);

CREATE INDEX idx_uzytkownik_data ON wpisy_pracy(uzytkownik_id, data);
CREATE INDEX idx_uzytkownik_data_nieobecnosci ON nieobecnosci(uzytkownik_id, data_nieobecnosci);

CREATE USER 'public'@'%' IDENTIFIED VIA mysql_native_password USING '***';GRANT ALL PRIVILEGES ON *.* TO 'public'@'%' REQUIRE NONE WITH GRANT OPTION MAX_QUERIES_PER_HOUR 0 MAX_CONNECTIONS_PER_HOUR 0 MAX_UPDATES_PER_HOUR 0 MAX_USER_CONNECTIONS 0;
CREATE USER 'website'@'%' IDENTIFIED VIA mysql_native_password USING '***';GRANT SELECT, INSERT, UPDATE ON *.* TO 'website'@'%' REQUIRE NONE WITH MAX_QUERIES_PER_HOUR 0 MAX_CONNECTIONS_PER_HOUR 0 MAX_UPDATES_PER_HOUR 0 MAX_USER_CONNECTIONS 0;

DELIMITER $$
CREATE TRIGGER before_user_insert
BEFORE INSERT ON uzytkownicy
FOR EACH ROW
BEGIN
    SET NEW.login = LOWER(CONCAT(NEW.imie, '.', NEW.nazwisko));
END $$
DELIMITER;
INSERT INTO uzytkownicy VALUES ('1','piotr.kowalski','128','Piotr','Kowalski','pracownik'),
('2','blanka.sikora','128','Blanka','Sikora','pracownik'),
('3','paulina.nowicka','128','Paulina','Nowicka','pracownik'),
('4','iga.bąk','128','Iga','Bąk','pracownik'),
('5','aniela.zając','128','Aniela','Zając','pracownik'),
('6','antonina.walczak','128','Antonina','Walczak','pracownik'),
('7','pola.piotrkowska','128','Pola','Piotrkowska','pracownik'),
('8','nina.krawczyk','128','Nina','Krawczyk','pracownik'),
('9','tobiasz.lewandowski','128','Tobiasz','Lewandowski','pracownik'),
('10','hubert.kowalczyk','128','Hubert','Kowalczyk','pracownik'),
('11','wojciech.czarnecki','128','Wojciech','Czarnecki','pracownik'),
('12','łukasz.adamczyk','128','Łukasz','Adamczyk','pracownik'),
('13','natalia.wróbel','128','Natalia','Wróbel','pracownik'),
('14','zuzanna.lis','128','Zuzanna','Lis','pracownik'),
('15','antonina.król','128','Antonina','Król','pracownik'),
('16','nadia.kowal','128','Nadia','Kowal','pracownik'),
('17','lilianna.jankowska','128','Lilianna','Jankowska','pracownik'),
('18','barbara.wojtyła','128','Barbara','Wojtyła','pracownik'),
('19','wojciech.baran','128','Wojciech','Baran','pracownik'),
('20','lilianna.nowicka','128','Lilianna','Nowicka','pracownik'),
('21','natan.walczak','128','Natan','Walczak','pracownik'),
('22','andrzej.jabłoński','128','Andrzej','Jabłoński','pracownik'),
('23','andrzej.krawczyk','128','Andrzej','Krawczyk','pracownik'),
('24','władysław.borkowski','128','Władysław','Borkowski','pracownik'),
('25','juljan.szymański','128','Juljan','Szymański','pracownik'),
('26','adam.sadowski','128','Adam','Sadowski','pracownik'),
('27','helena.grabowska','128','Helena','Grabowska','pracownik'),
('28','maja.tomaszewska','128','Maja','Tomaszewska','pracownik'),
('29','nadia.wysocka','128','Nadia','Wysocka','pracownik'),
('30','bartosz.kaczmarek','128','Bartosz','Kaczmarek','pracownik'),
('31','antonina.wróbel','128','Antonina','Wróbel','pracownik'),
('32','emilia.jabłońska','128','Emilia','Jabłońska','pracownik'),
('33','marek.wysocki','128','Marek','Wysocki','pracownik'),
('34','julia.król','128','Julia','Król','pracownik'),
('35','lilianna.zając','128','Lilianna','Zając','pracownik'),
('36','emilia.szewczyk','128','Emilia','Szewczyk','pracownik'),
('37','oliwia.nowak','128','Oliwia','Nowak','pracownik'),
('38','sara.walentowicz','128','Sara','Walentowicz','pracownik'),
('39','barbara.piotrkowska','128','Barbara','Piotrkowska','pracownik'),
('40','gabriela.nowicka','128','Gabriela','Nowicka','pracownik'),
('41','karol.zieliński','128','Karol','Zieliński','pracownik'),
('42','alan.michalski','128','Alan','Michalski','pracownik'),
('43','matylda.pączek','128','Matylda','Pączek','pracownik'),
('44','kornel.chmielewski','128','Kornel','Chmielewski','pracownik'),
('45','adrian.lewandowski','128','Adrian','Lewandowski','pracownik'),
('46','oliwia.kamińska','128','Oliwia','Kamińska','pracownik'),
('47','kamil.szewczyk','128','Kamil','Szewczyk','pracownik'),
('48','matylda.zając','128','Matylda','Zając','pracownik'),
('49','jerzy.nowicki','128','Jerzy','Nowicki','pracownik'),
('50','michał.krupa','128','Michał','Krupa','pracownik'),
('51','dawid.lewandowski','128','Dawid','Lewandowski','pracownik'),
('52','aleksandra.szymańska','128','Aleksandra','Szymańska','pracownik'),
('53','adrian.jankowski','128','Adrian','Jankowski','pracownik'),
('54','wiktoria.chmiel','128','Wiktoria','Chmiel','pracownik'),
('55','zofia.piotrkowska','128','Zofia','Piotrkowska','pracownik'),
('56','jagoda.wiśniewska','128','Jagoda','Wiśniewska','pracownik'),
('57','sebastian.lewandowski','128','Sebastian','Lewandowski','pracownik'),
('58','adam.kwiatkowski','128','Adam','Kwiatkowski','pracownik'),
('59','jerzy.lewandowski','128','Jerzy','Lewandowski','pracownik'),
('60','kaja.baran','128','Kaja','Baran','pracownik'),
('61','iga.kowal','128','Iga','Kowal','pracownik'),
('62','pola.nowak','128','Pola','Nowak','pracownik'),
('63','dawid.baran','128','Dawid','Baran','pracownik'),
('64','paulina.sikora','128','Paulina','Sikora','pracownik'),
('65','oskar.chmiel','128','Oskar','Chmiel','pracownik'),
('66','joanna.grabowska','128','Joanna','Grabowska','pracownik'),
('67','paulina.król','128','Paulina','Król','pracownik'),
('68','kaja.lis','128','Kaja','Lis','pracownik'),
('69','antonina.chmiel','128','Antonina','Chmiel','pracownik'),
('70','alicja.majewska','128','Alicja','Majewska','pracownik'),
('71','natalia.tomaszewska','128','Natalia','Tomaszewska','pracownik'),
('72','piotr.urban','128','Piotr','Urban','pracownik'),
('73','jagoda.urban','128','Jagoda','Urban','pracownik'),
('74','tobiasz.kowal','128','Tobiasz','Kowal','pracownik'),
('75','laura.wójcik','128','Laura','Wójcik','pracownik'),
('76','filip.piotrowski','128','Filip','Piotrowski','pracownik'),
('77','laura.walentowicz','128','Laura','Walentowicz','pracownik'),
('78','paweł.dąbrowski','128','Paweł','Dąbrowski','pracownik'),
('79','milena.zielińska','128','Milena','Zielińska','pracownik'),
('80','milena.wróbel','128','Milena','Wróbel','pracownik'),
('81','wiktor.majewski','128','Wiktor','Majewski','pracownik'),
('82','oliwia.bąk','128','Oliwia','Bąk','pracownik'),
('83','małgorzata.król','128','Małgorzata','Król','pracownik'),
('84','dawid.urban','128','Dawid','Urban','pracownik'),
('85','łucja.nowicka','128','Łucja','Nowicka','pracownik'),
('86','maciek.lewandowski','128','Maciek','Lewandowski','pracownik'),
('87','helena.stępień','128','Helena','Stępień','pracownik'),
('88','milena.wiśniewska','128','Milena','Wiśniewska','pracownik'),
('89','lilianna.lis','128','Lilianna','Lis','pracownik'),
('90','adrian.woźniak','128','Adrian','Woźniak','pracownik'),
('91','anna.nowak','128','Anna','Nowak','pracownik'),
('92','bartosz.krawczyk','128','Bartosz','Krawczyk','pracownik'),
('93','dawid.lis','128','Dawid','Lis','pracownik'),
('94','wiktor.pawlak','128','Wiktor','Pawlak','pracownik'),
('95','oliwia.nowicka','128','Oliwia','Nowicka','pracownik'),
('96','jagoda.jankowska','128','Jagoda','Jankowska','pracownik'),
('97','natalia.kamińska','128','Natalia','Kamińska','pracownik'),
('98','joanna.tomaszewska','128','Joanna','Tomaszewska','pracownik'),
('99','gabriela.walentowicz','128','Gabriela','Walentowicz','pracownik'),
('100','szymon.zając','128','Szymon','Zając','pracownik'),
('101','piotr.ciosek','123','Piotr','Ciosek','admin');

INSERT INTO wpisy_pracy VALUES ('501','1','2024-11-01','08:00:00','18:00:00','10.00','0'),
('502','1','2024-11-02','08:00:00','18:00:00','10.00','0'),
('503','1','2024-11-03','08:00:00','18:00:00','10.00','0'),
('504','1','2024-11-04','08:00:00','18:00:00','10.00','0'),
('505','1','2024-11-05','08:00:00','18:00:00','10.00','0'),
('506','2','2024-11-01','08:00:00','16:00:00','8.00','0'),
('507','2','2024-11-02','08:00:00','16:00:00','8.00','0'),
('508','2','2024-11-03','08:00:00','16:00:00','8.00','0'),
('509','2','2024-11-04','08:00:00','16:00:00','8.00','0'),
('510','2','2024-11-05','08:00:00','16:00:00','8.00','0'),
('511','3','2024-11-01','08:00:00','18:00:00','10.00','0'),
('512','3','2024-11-02','08:00:00','18:00:00','10.00','0'),
('513','3','2024-11-03','08:00:00','18:00:00','10.00','0'),
('514','3','2024-11-04','08:00:00','18:00:00','10.00','0'),
('515','3','2024-11-05','08:00:00','18:00:00','10.00','0'),
('516','4','2024-11-01','00:00:00','10:00:00','10.00','1'),
('517','4','2024-11-02','00:00:00','10:00:00','10.00','0'),
('518','4','2024-11-03','00:00:00','10:00:00','10.00','0'),
('519','4','2024-11-04','00:00:00','10:00:00','10.00','0'),
('520','4','2024-11-05','00:00:00','10:00:00','10.00','1'),
('521','5','2024-11-01','00:00:00','08:00:00','8.00','0'),
('522','5','2024-11-02','00:00:00','08:00:00','8.00','0'),
('523','5','2024-11-03','00:00:00','08:00:00','8.00','0'),
('524','5','2024-11-04','00:00:00','08:00:00','8.00','0'),
('525','5','2024-11-05','00:00:00','08:00:00','8.00','0'),
('526','6','2024-11-01','00:00:00','08:00:00','8.00','0'),
('527','6','2024-11-02','00:00:00','08:00:00','8.00','0'),
('528','6','2024-11-03','00:00:00','08:00:00','8.00','0'),
('529','6','2024-11-04','00:00:00','08:00:00','8.00','0'),
('530','6','2024-11-05','00:00:00','08:00:00','8.00','0'),
('531','7','2024-11-01','08:00:00','18:00:00','10.00','0'),
('532','7','2024-11-02','08:00:00','18:00:00','10.00','0'),
('533','7','2024-11-03','08:00:00','18:00:00','10.00','0'),
('534','7','2024-11-04','08:00:00','18:00:00','10.00','0'),
('535','7','2024-11-05','08:00:00','18:00:00','10.00','0'),
('536','8','2024-11-01','08:00:00','14:00:00','6.00','0'),
('537','8','2024-11-02','08:00:00','14:00:00','6.00','0'),
('538','8','2024-11-03','08:00:00','14:00:00','6.00','0'),
('539','8','2024-11-04','08:00:00','14:00:00','6.00','0'),
('540','8','2024-11-05','08:00:00','14:00:00','6.00','0'),
('541','9','2024-11-01','00:00:00','08:00:00','8.00','0'),
('542','9','2024-11-02','00:00:00','08:00:00','8.00','0'),
('543','9','2024-11-03','00:00:00','08:00:00','8.00','0'),
('544','9','2024-11-04','00:00:00','08:00:00','8.00','0'),
('545','9','2024-11-05','00:00:00','08:00:00','8.00','0'),
('546','10','2024-11-01','00:00:00','08:00:00','8.00','0'),
('547','10','2024-11-02','00:00:00','08:00:00','8.00','0'),
('548','10','2024-11-03','00:00:00','08:00:00','8.00','0'),
('549','10','2024-11-04','00:00:00','08:00:00','8.00','0'),
('550','10','2024-11-05','00:00:00','08:00:00','8.00','0'),
('551','11','2024-11-01','08:00:00','16:00:00','8.00','0'),
('552','11','2024-11-02','08:00:00','16:00:00','8.00','0'),
('553','11','2024-11-03','08:00:00','16:00:00','8.00','0'),
('554','11','2024-11-04','08:00:00','16:00:00','8.00','0'),
('555','11','2024-11-05','08:00:00','16:00:00','8.00','1'),
('556','12','2024-11-01','08:00:00','16:00:00','8.00','1'),
('557','12','2024-11-02','08:00:00','16:00:00','8.00','0'),
('558','12','2024-11-03','08:00:00','16:00:00','8.00','0'),
('559','12','2024-11-04','08:00:00','16:00:00','8.00','0'),
('560','12','2024-11-05','08:00:00','16:00:00','8.00','1'),
('561','13','2024-11-01','00:00:00','08:00:00','8.00','0'),
('562','13','2024-11-02','00:00:00','08:00:00','8.00','0'),
('563','13','2024-11-03','00:00:00','08:00:00','8.00','0'),
('564','13','2024-11-04','00:00:00','08:00:00','8.00','0'),
('565','13','2024-11-05','00:00:00','08:00:00','8.00','0'),
('566','14','2024-11-01','00:00:00','08:00:00','8.00','0'),
('567','14','2024-11-02','00:00:00','08:00:00','8.00','0'),
('568','14','2024-11-03','00:00:00','08:00:00','8.00','0'),
('569','14','2024-11-04','00:00:00','08:00:00','8.00','0'),
('570','14','2024-11-05','00:00:00','08:00:00','8.00','0'),
('571','15','2024-11-01','00:00:00','06:00:00','6.00','0'),
('572','15','2024-11-02','00:00:00','06:00:00','6.00','0'),
('573','15','2024-11-03','00:00:00','06:00:00','6.00','0'),
('574','15','2024-11-04','00:00:00','06:00:00','6.00','0'),
('575','15','2024-11-05','00:00:00','06:00:00','6.00','0'),
('576','16','2024-11-01','00:00:00','08:00:00','8.00','0'),
('577','16','2024-11-02','00:00:00','08:00:00','8.00','0'),
('578','16','2024-11-03','00:00:00','08:00:00','8.00','0'),
('579','16','2024-11-04','00:00:00','08:00:00','8.00','0'),
('580','16','2024-11-05','00:00:00','08:00:00','8.00','0'),
('581','17','2024-11-01','00:00:00','08:00:00','8.00','0'),
('582','17','2024-11-02','00:00:00','08:00:00','8.00','0'),
('583','17','2024-11-03','00:00:00','08:00:00','8.00','0'),
('584','17','2024-11-04','00:00:00','08:00:00','8.00','0'),
('585','17','2024-11-05','00:00:00','08:00:00','8.00','1'),
('586','18','2024-11-01','08:00:00','16:00:00','8.00','0'),
('587','18','2024-11-02','08:00:00','16:00:00','8.00','0'),
('588','18','2024-11-03','08:00:00','16:00:00','8.00','0'),
('589','18','2024-11-04','08:00:00','16:00:00','8.00','0'),
('590','18','2024-11-05','08:00:00','16:00:00','8.00','0'),
('591','19','2024-11-01','00:00:00','06:00:00','6.00','1'),
('592','19','2024-11-02','00:00:00','06:00:00','6.00','0'),
('593','19','2024-11-03','00:00:00','06:00:00','6.00','0'),
('594','19','2024-11-04','00:00:00','06:00:00','6.00','0'),
('595','19','2024-11-05','00:00:00','06:00:00','6.00','1'),
('596','20','2024-11-01','00:00:00','06:00:00','6.00','0'),
('597','20','2024-11-02','00:00:00','06:00:00','6.00','0'),
('598','20','2024-11-03','00:00:00','06:00:00','6.00','0'),
('599','20','2024-11-04','00:00:00','06:00:00','6.00','0'),
('600','20','2024-11-05','00:00:00','06:00:00','6.00','0'),
('601','21','2024-11-01','08:00:00','18:00:00','10.00','0'),
('602','21','2024-11-02','08:00:00','18:00:00','10.00','0'),
('603','21','2024-11-03','08:00:00','18:00:00','10.00','0'),
('604','21','2024-11-04','08:00:00','18:00:00','10.00','0'),
('605','21','2024-11-05','08:00:00','18:00:00','10.00','0'),
('606','22','2024-11-01','08:00:00','18:00:00','10.00','0'),
('607','22','2024-11-02','08:00:00','18:00:00','10.00','0'),
('608','22','2024-11-03','08:00:00','18:00:00','10.00','0'),
('609','22','2024-11-04','08:00:00','18:00:00','10.00','0'),
('610','22','2024-11-05','08:00:00','18:00:00','10.00','1'),
('611','23','2024-11-01','00:00:00','08:00:00','8.00','0'),
('612','23','2024-11-02','00:00:00','08:00:00','8.00','0'),
('613','23','2024-11-03','00:00:00','08:00:00','8.00','0'),
('614','23','2024-11-04','00:00:00','08:00:00','8.00','0'),
('615','23','2024-11-05','00:00:00','08:00:00','8.00','0'),
('616','24','2024-11-01','08:00:00','16:00:00','8.00','1'),
('617','24','2024-11-02','08:00:00','16:00:00','8.00','0'),
('618','24','2024-11-03','08:00:00','16:00:00','8.00','0'),
('619','24','2024-11-04','08:00:00','16:00:00','8.00','0'),
('620','24','2024-11-05','08:00:00','16:00:00','8.00','1'),
('621','25','2024-11-01','08:00:00','18:00:00','10.00','0'),
('622','25','2024-11-02','08:00:00','18:00:00','10.00','0'),
('623','25','2024-11-03','08:00:00','18:00:00','10.00','0'),
('624','25','2024-11-04','08:00:00','18:00:00','10.00','0'),
('625','25','2024-11-05','08:00:00','18:00:00','10.00','0'),
('626','26','2024-11-01','00:00:00','10:00:00','10.00','0'),
('627','26','2024-11-02','00:00:00','10:00:00','10.00','0'),
('628','26','2024-11-03','00:00:00','10:00:00','10.00','0'),
('629','26','2024-11-04','00:00:00','10:00:00','10.00','0'),
('630','26','2024-11-05','00:00:00','10:00:00','10.00','0'),
('631','27','2024-11-01','00:00:00','06:00:00','6.00','0'),
('632','27','2024-11-02','00:00:00','06:00:00','6.00','0'),
('633','27','2024-11-03','00:00:00','06:00:00','6.00','0'),
('634','27','2024-11-04','00:00:00','06:00:00','6.00','0'),
('635','27','2024-11-05','00:00:00','06:00:00','6.00','1'),
('636','28','2024-11-01','08:00:00','16:00:00','8.00','0'),
('637','28','2024-11-02','08:00:00','16:00:00','8.00','0'),
('638','28','2024-11-03','08:00:00','16:00:00','8.00','0'),
('639','28','2024-11-04','08:00:00','16:00:00','8.00','0'),
('640','28','2024-11-05','08:00:00','16:00:00','8.00','0'),
('641','29','2024-11-01','00:00:00','10:00:00','10.00','0'),
('642','29','2024-11-02','00:00:00','10:00:00','10.00','0'),
('643','29','2024-11-03','00:00:00','10:00:00','10.00','0'),
('644','29','2024-11-04','00:00:00','10:00:00','10.00','0'),
('645','29','2024-11-05','00:00:00','10:00:00','10.00','0'),
('646','30','2024-11-01','00:00:00','08:00:00','8.00','0'),
('647','30','2024-11-02','00:00:00','08:00:00','8.00','0'),
('648','30','2024-11-03','00:00:00','08:00:00','8.00','0'),
('649','30','2024-11-04','00:00:00','08:00:00','8.00','0'),
('650','30','2024-11-05','00:00:00','08:00:00','8.00','1'),
('651','31','2024-11-01','00:00:00','06:00:00','6.00','0'),
('652','31','2024-11-02','00:00:00','06:00:00','6.00','0'),
('653','31','2024-11-03','00:00:00','06:00:00','6.00','0'),
('654','31','2024-11-04','00:00:00','06:00:00','6.00','0'),
('655','31','2024-11-05','00:00:00','06:00:00','6.00','0'),
('656','32','2024-11-01','00:00:00','10:00:00','10.00','0'),
('657','32','2024-11-02','00:00:00','10:00:00','10.00','0'),
('658','32','2024-11-03','00:00:00','10:00:00','10.00','0'),
('659','32','2024-11-04','00:00:00','10:00:00','10.00','0'),
('660','32','2024-11-05','00:00:00','10:00:00','10.00','1'),
('661','33','2024-11-01','00:00:00','06:00:00','6.00','0'),
('662','33','2024-11-02','00:00:00','06:00:00','6.00','0'),
('663','33','2024-11-03','00:00:00','06:00:00','6.00','0'),
('664','33','2024-11-04','00:00:00','06:00:00','6.00','0'),
('665','33','2024-11-05','00:00:00','06:00:00','6.00','0'),
('666','34','2024-11-01','00:00:00','06:00:00','6.00','0'),
('667','34','2024-11-02','00:00:00','06:00:00','6.00','0'),
('668','34','2024-11-03','00:00:00','06:00:00','6.00','0'),
('669','34','2024-11-04','00:00:00','06:00:00','6.00','0'),
('670','34','2024-11-05','00:00:00','06:00:00','6.00','0'),
('671','35','2024-11-01','00:00:00','06:00:00','6.00','0'),
('672','35','2024-11-02','00:00:00','06:00:00','6.00','0'),
('673','35','2024-11-03','00:00:00','06:00:00','6.00','0'),
('674','35','2024-11-04','00:00:00','06:00:00','6.00','0'),
('675','35','2024-11-05','00:00:00','06:00:00','6.00','0'),
('676','36','2024-11-01','00:00:00','10:00:00','10.00','0'),
('677','36','2024-11-02','00:00:00','10:00:00','10.00','0'),
('678','36','2024-11-03','00:00:00','10:00:00','10.00','0'),
('679','36','2024-11-04','00:00:00','10:00:00','10.00','0'),
('680','36','2024-11-05','00:00:00','10:00:00','10.00','0'),
('681','37','2024-11-01','08:00:00','14:00:00','6.00','0'),
('682','37','2024-11-02','08:00:00','14:00:00','6.00','0'),
('683','37','2024-11-03','08:00:00','14:00:00','6.00','0'),
('684','37','2024-11-04','08:00:00','14:00:00','6.00','0'),
('685','37','2024-11-05','08:00:00','14:00:00','6.00','0'),
('686','38','2024-11-01','08:00:00','18:00:00','10.00','0'),
('687','38','2024-11-02','08:00:00','18:00:00','10.00','1'),
('688','38','2024-11-03','08:00:00','18:00:00','10.00','0'),
('689','38','2024-11-04','08:00:00','18:00:00','10.00','0'),
('690','38','2024-11-05','08:00:00','18:00:00','10.00','0'),
('691','39','2024-11-01','00:00:00','08:00:00','8.00','0'),
('692','39','2024-11-02','00:00:00','08:00:00','8.00','0'),
('693','39','2024-11-03','00:00:00','08:00:00','8.00','0'),
('694','39','2024-11-04','00:00:00','08:00:00','8.00','0'),
('695','39','2024-11-05','00:00:00','08:00:00','8.00','0'),
('696','40','2024-11-01','00:00:00','08:00:00','8.00','0'),
('697','40','2024-11-02','00:00:00','08:00:00','8.00','0'),
('698','40','2024-11-03','00:00:00','08:00:00','8.00','0'),
('699','40','2024-11-04','00:00:00','08:00:00','8.00','0'),
('700','40','2024-11-05','00:00:00','08:00:00','8.00','0'),
('701','41','2024-11-01','08:00:00','16:00:00','8.00','0'),
('702','41','2024-11-02','08:00:00','16:00:00','8.00','0'),
('703','41','2024-11-03','08:00:00','16:00:00','8.00','0'),
('704','41','2024-11-04','08:00:00','16:00:00','8.00','0'),
('705','41','2024-11-05','08:00:00','16:00:00','8.00','0'),
('706','42','2024-11-01','08:00:00','16:00:00','8.00','0'),
('707','42','2024-11-02','08:00:00','16:00:00','8.00','0'),
('708','42','2024-11-03','08:00:00','16:00:00','8.00','0'),
('709','42','2024-11-04','08:00:00','16:00:00','8.00','1'),
('710','42','2024-11-05','08:00:00','16:00:00','8.00','0'),
('711','43','2024-11-01','00:00:00','10:00:00','10.00','0'),
('712','43','2024-11-02','00:00:00','10:00:00','10.00','0'),
('713','43','2024-11-03','00:00:00','10:00:00','10.00','0'),
('714','43','2024-11-04','00:00:00','10:00:00','10.00','0'),
('715','43','2024-11-05','00:00:00','10:00:00','10.00','0'),
('716','44','2024-11-01','08:00:00','14:00:00','6.00','0'),
('717','44','2024-11-02','08:00:00','14:00:00','6.00','0'),
('718','44','2024-11-03','08:00:00','14:00:00','6.00','0'),
('719','44','2024-11-04','08:00:00','14:00:00','6.00','0'),
('720','44','2024-11-05','08:00:00','14:00:00','6.00','1'),
('721','45','2024-11-01','00:00:00','06:00:00','6.00','0'),
('722','45','2024-11-02','00:00:00','06:00:00','6.00','0'),
('723','45','2024-11-03','00:00:00','06:00:00','6.00','0'),
('724','45','2024-11-04','00:00:00','06:00:00','6.00','0'),
('725','45','2024-11-05','00:00:00','06:00:00','6.00','0'),
('726','46','2024-11-01','08:00:00','14:00:00','6.00','0'),
('727','46','2024-11-02','08:00:00','14:00:00','6.00','0'),
('728','46','2024-11-03','08:00:00','14:00:00','6.00','0'),
('729','46','2024-11-04','08:00:00','14:00:00','6.00','0'),
('730','46','2024-11-05','08:00:00','14:00:00','6.00','0'),
('731','47','2024-11-01','08:00:00','14:00:00','6.00','0'),
('732','47','2024-11-02','08:00:00','14:00:00','6.00','0'),
('733','47','2024-11-03','08:00:00','14:00:00','6.00','0'),
('734','47','2024-11-04','08:00:00','14:00:00','6.00','0'),
('735','47','2024-11-05','08:00:00','14:00:00','6.00','0'),
('736','48','2024-11-01','00:00:00','10:00:00','10.00','0'),
('737','48','2024-11-02','00:00:00','10:00:00','10.00','0'),
('738','48','2024-11-03','00:00:00','10:00:00','10.00','0'),
('739','48','2024-11-04','00:00:00','10:00:00','10.00','0'),
('740','48','2024-11-05','00:00:00','10:00:00','10.00','0'),
('741','49','2024-11-01','00:00:00','10:00:00','10.00','0'),
('742','49','2024-11-02','00:00:00','10:00:00','10.00','0'),
('743','49','2024-11-03','00:00:00','10:00:00','10.00','0'),
('744','49','2024-11-04','00:00:00','10:00:00','10.00','0'),
('745','49','2024-11-05','00:00:00','10:00:00','10.00','0'),
('746','50','2024-11-01','00:00:00','06:00:00','6.00','0'),
('747','50','2024-11-02','00:00:00','06:00:00','6.00','0'),
('748','50','2024-11-03','00:00:00','06:00:00','6.00','0'),
('749','50','2024-11-04','00:00:00','06:00:00','6.00','0'),
('750','50','2024-11-05','00:00:00','06:00:00','6.00','0'),
('751','51','2024-11-01','00:00:00','08:00:00','8.00','0'),
('752','51','2024-11-02','00:00:00','08:00:00','8.00','0'),
('753','51','2024-11-03','00:00:00','08:00:00','8.00','0'),
('754','51','2024-11-04','00:00:00','08:00:00','8.00','0'),
('755','51','2024-11-05','00:00:00','08:00:00','8.00','0'),
('756','52','2024-11-01','00:00:00','06:00:00','6.00','0'),
('757','52','2024-11-02','00:00:00','06:00:00','6.00','0'),
('758','52','2024-11-03','00:00:00','06:00:00','6.00','0'),
('759','52','2024-11-04','00:00:00','06:00:00','6.00','0'),
('760','52','2024-11-05','00:00:00','06:00:00','6.00','0'),
('761','53','2024-11-01','00:00:00','08:00:00','8.00','0'),
('762','53','2024-11-02','00:00:00','08:00:00','8.00','0'),
('763','53','2024-11-03','00:00:00','08:00:00','8.00','0'),
('764','53','2024-11-04','00:00:00','08:00:00','8.00','0'),
('765','53','2024-11-05','00:00:00','08:00:00','8.00','1'),
('766','54','2024-11-01','08:00:00','18:00:00','10.00','1'),
('767','54','2024-11-02','08:00:00','18:00:00','10.00','0'),
('768','54','2024-11-03','08:00:00','18:00:00','10.00','0'),
('769','54','2024-11-04','08:00:00','18:00:00','10.00','0'),
('770','54','2024-11-05','08:00:00','18:00:00','10.00','1'),
('771','55','2024-11-01','00:00:00','08:00:00','8.00','0'),
('772','55','2024-11-02','00:00:00','08:00:00','8.00','0'),
('773','55','2024-11-03','00:00:00','08:00:00','8.00','0'),
('774','55','2024-11-04','00:00:00','08:00:00','8.00','0'),
('775','55','2024-11-05','00:00:00','08:00:00','8.00','0'),
('776','56','2024-11-01','00:00:00','08:00:00','8.00','0'),
('777','56','2024-11-02','00:00:00','08:00:00','8.00','0'),
('778','56','2024-11-03','00:00:00','08:00:00','8.00','0'),
('779','56','2024-11-04','00:00:00','08:00:00','8.00','0'),
('780','56','2024-11-05','00:00:00','08:00:00','8.00','0'),
('781','57','2024-11-01','00:00:00','10:00:00','10.00','0'),
('782','57','2024-11-02','00:00:00','10:00:00','10.00','0'),
('783','57','2024-11-03','00:00:00','10:00:00','10.00','0'),
('784','57','2024-11-04','00:00:00','10:00:00','10.00','0'),
('785','57','2024-11-05','00:00:00','10:00:00','10.00','0'),
('786','58','2024-11-01','00:00:00','08:00:00','8.00','0'),
('787','58','2024-11-02','00:00:00','08:00:00','8.00','0'),
('788','58','2024-11-03','00:00:00','08:00:00','8.00','0'),
('789','58','2024-11-04','00:00:00','08:00:00','8.00','0'),
('790','58','2024-11-05','00:00:00','08:00:00','8.00','0'),
('791','59','2024-11-01','08:00:00','14:00:00','6.00','0'),
('792','59','2024-11-02','08:00:00','14:00:00','6.00','0'),
('793','59','2024-11-03','08:00:00','14:00:00','6.00','0'),
('794','59','2024-11-04','08:00:00','14:00:00','6.00','0'),
('795','59','2024-11-05','08:00:00','14:00:00','6.00','0'),
('796','60','2024-11-01','00:00:00','08:00:00','8.00','1'),
('797','60','2024-11-02','00:00:00','08:00:00','8.00','0'),
('798','60','2024-11-03','00:00:00','08:00:00','8.00','0'),
('799','60','2024-11-04','00:00:00','08:00:00','8.00','0'),
('800','60','2024-11-05','00:00:00','08:00:00','8.00','1'),
('801','61','2024-11-01','00:00:00','10:00:00','10.00','0'),
('802','61','2024-11-02','00:00:00','10:00:00','10.00','0'),
('803','61','2024-11-03','00:00:00','10:00:00','10.00','0'),
('804','61','2024-11-04','00:00:00','10:00:00','10.00','0'),
('805','61','2024-11-05','00:00:00','10:00:00','10.00','0'),
('806','62','2024-11-01','08:00:00','14:00:00','6.00','0'),
('807','62','2024-11-02','08:00:00','14:00:00','6.00','0'),
('808','62','2024-11-03','08:00:00','14:00:00','6.00','0'),
('809','62','2024-11-04','08:00:00','14:00:00','6.00','0'),
('810','62','2024-11-05','08:00:00','14:00:00','6.00','0'),
('811','63','2024-11-01','08:00:00','14:00:00','6.00','1'),
('812','63','2024-11-02','08:00:00','14:00:00','6.00','0'),
('813','63','2024-11-03','08:00:00','14:00:00','6.00','0'),
('814','63','2024-11-04','08:00:00','14:00:00','6.00','0'),
('815','63','2024-11-05','08:00:00','14:00:00','6.00','1'),
('816','64','2024-11-01','00:00:00','08:00:00','8.00','0'),
('817','64','2024-11-02','00:00:00','08:00:00','8.00','0'),
('818','64','2024-11-03','00:00:00','08:00:00','8.00','0'),
('819','64','2024-11-04','00:00:00','08:00:00','8.00','0'),
('820','64','2024-11-05','00:00:00','08:00:00','8.00','0'),
('821','65','2024-11-01','08:00:00','16:00:00','8.00','1'),
('822','65','2024-11-02','08:00:00','16:00:00','8.00','0'),
('823','65','2024-11-03','08:00:00','16:00:00','8.00','0'),
('824','65','2024-11-04','08:00:00','16:00:00','8.00','0'),
('825','65','2024-11-05','08:00:00','16:00:00','8.00','1'),
('826','66','2024-11-01','08:00:00','14:00:00','6.00','0'),
('827','66','2024-11-02','08:00:00','14:00:00','6.00','0'),
('828','66','2024-11-03','08:00:00','14:00:00','6.00','0'),
('829','66','2024-11-04','08:00:00','14:00:00','6.00','0'),
('830','66','2024-11-05','08:00:00','14:00:00','6.00','1'),
('831','67','2024-11-01','08:00:00','16:00:00','8.00','0'),
('832','67','2024-11-02','08:00:00','16:00:00','8.00','0'),
('833','67','2024-11-03','08:00:00','16:00:00','8.00','0'),
('834','67','2024-11-04','08:00:00','16:00:00','8.00','0'),
('835','67','2024-11-05','08:00:00','16:00:00','8.00','0'),
('836','68','2024-11-01','08:00:00','18:00:00','10.00','0'),
('837','68','2024-11-02','08:00:00','18:00:00','10.00','0'),
('838','68','2024-11-03','08:00:00','18:00:00','10.00','0'),
('839','68','2024-11-04','08:00:00','18:00:00','10.00','0'),
('840','68','2024-11-05','08:00:00','18:00:00','10.00','0'),
('841','69','2024-11-01','00:00:00','10:00:00','10.00','1'),
('842','69','2024-11-02','00:00:00','10:00:00','10.00','0'),
('843','69','2024-11-03','00:00:00','10:00:00','10.00','0'),
('844','69','2024-11-04','00:00:00','10:00:00','10.00','0'),
('845','69','2024-11-05','00:00:00','10:00:00','10.00','1'),
('846','70','2024-11-01','08:00:00','18:00:00','10.00','1'),
('847','70','2024-11-02','08:00:00','18:00:00','10.00','0'),
('848','70','2024-11-03','08:00:00','18:00:00','10.00','0'),
('849','70','2024-11-04','08:00:00','18:00:00','10.00','0'),
('850','70','2024-11-05','08:00:00','18:00:00','10.00','0'),
('851','71','2024-11-01','08:00:00','18:00:00','10.00','0'),
('852','71','2024-11-02','08:00:00','18:00:00','10.00','0'),
('853','71','2024-11-03','08:00:00','18:00:00','10.00','0'),
('854','71','2024-11-04','08:00:00','18:00:00','10.00','0'),
('855','71','2024-11-05','08:00:00','18:00:00','10.00','0'),
('856','72','2024-11-01','08:00:00','18:00:00','10.00','0'),
('857','72','2024-11-02','08:00:00','18:00:00','10.00','0'),
('858','72','2024-11-03','08:00:00','18:00:00','10.00','0'),
('859','72','2024-11-04','08:00:00','18:00:00','10.00','0'),
('860','72','2024-11-05','08:00:00','18:00:00','10.00','0'),
('861','73','2024-11-01','08:00:00','16:00:00','8.00','0'),
('862','73','2024-11-02','08:00:00','16:00:00','8.00','0'),
('863','73','2024-11-03','08:00:00','16:00:00','8.00','0'),
('864','73','2024-11-04','08:00:00','16:00:00','8.00','0'),
('865','73','2024-11-05','08:00:00','16:00:00','8.00','0'),
('866','74','2024-11-01','00:00:00','10:00:00','10.00','0'),
('867','74','2024-11-02','00:00:00','10:00:00','10.00','0'),
('868','74','2024-11-03','00:00:00','10:00:00','10.00','0'),
('869','74','2024-11-04','00:00:00','10:00:00','10.00','0'),
('870','74','2024-11-05','00:00:00','10:00:00','10.00','0'),
('871','75','2024-11-01','08:00:00','18:00:00','10.00','0'),
('872','75','2024-11-02','08:00:00','18:00:00','10.00','0'),
('873','75','2024-11-03','08:00:00','18:00:00','10.00','0'),
('874','75','2024-11-04','08:00:00','18:00:00','10.00','0'),
('875','75','2024-11-05','08:00:00','18:00:00','10.00','0'),
('876','76','2024-11-01','00:00:00','06:00:00','6.00','0'),
('877','76','2024-11-02','00:00:00','06:00:00','6.00','0'),
('878','76','2024-11-03','00:00:00','06:00:00','6.00','0'),
('879','76','2024-11-04','00:00:00','06:00:00','6.00','0'),
('880','76','2024-11-05','00:00:00','06:00:00','6.00','0'),
('881','77','2024-11-01','08:00:00','18:00:00','10.00','0'),
('882','77','2024-11-02','08:00:00','18:00:00','10.00','0'),
('883','77','2024-11-03','08:00:00','18:00:00','10.00','0'),
('884','77','2024-11-04','08:00:00','18:00:00','10.00','0'),
('885','77','2024-11-05','08:00:00','18:00:00','10.00','0'),
('886','78','2024-11-01','08:00:00','14:00:00','6.00','0'),
('887','78','2024-11-02','08:00:00','14:00:00','6.00','0'),
('888','78','2024-11-03','08:00:00','14:00:00','6.00','0'),
('889','78','2024-11-04','08:00:00','14:00:00','6.00','0'),
('890','78','2024-11-05','08:00:00','14:00:00','6.00','1'),
('891','79','2024-11-01','00:00:00','06:00:00','6.00','0'),
('892','79','2024-11-02','00:00:00','06:00:00','6.00','0'),
('893','79','2024-11-03','00:00:00','06:00:00','6.00','0'),
('894','79','2024-11-04','00:00:00','06:00:00','6.00','0'),
('895','79','2024-11-05','00:00:00','06:00:00','6.00','0'),
('896','80','2024-11-01','08:00:00','14:00:00','6.00','0'),
('897','80','2024-11-02','08:00:00','14:00:00','6.00','0'),
('898','80','2024-11-03','08:00:00','14:00:00','6.00','0'),
('899','80','2024-11-04','08:00:00','14:00:00','6.00','0'),
('900','80','2024-11-05','08:00:00','14:00:00','6.00','0'),
('901','81','2024-11-01','00:00:00','06:00:00','6.00','1'),
('902','81','2024-11-02','00:00:00','06:00:00','6.00','0'),
('903','81','2024-11-03','00:00:00','06:00:00','6.00','0'),
('904','81','2024-11-04','00:00:00','06:00:00','6.00','0'),
('905','81','2024-11-05','00:00:00','06:00:00','6.00','0'),
('906','82','2024-11-01','00:00:00','08:00:00','8.00','1'),
('907','82','2024-11-02','00:00:00','08:00:00','8.00','0'),
('908','82','2024-11-03','00:00:00','08:00:00','8.00','0'),
('909','82','2024-11-04','00:00:00','08:00:00','8.00','0'),
('910','82','2024-11-05','00:00:00','08:00:00','8.00','1'),
('911','83','2024-11-01','00:00:00','08:00:00','8.00','0'),
('912','83','2024-11-02','00:00:00','08:00:00','8.00','0'),
('913','83','2024-11-03','00:00:00','08:00:00','8.00','0'),
('914','83','2024-11-04','00:00:00','08:00:00','8.00','0'),
('915','83','2024-11-05','00:00:00','08:00:00','8.00','0'),
('916','84','2024-11-01','08:00:00','18:00:00','10.00','0'),
('917','84','2024-11-02','08:00:00','18:00:00','10.00','0'),
('918','84','2024-11-03','08:00:00','18:00:00','10.00','0'),
('919','84','2024-11-04','08:00:00','18:00:00','10.00','0'),
('920','84','2024-11-05','08:00:00','18:00:00','10.00','0'),
('921','85','2024-11-01','00:00:00','08:00:00','8.00','0'),
('922','85','2024-11-02','00:00:00','08:00:00','8.00','0'),
('923','85','2024-11-03','00:00:00','08:00:00','8.00','0'),
('924','85','2024-11-04','00:00:00','08:00:00','8.00','0'),
('925','85','2024-11-05','00:00:00','08:00:00','8.00','0'),
('926','86','2024-11-01','00:00:00','10:00:00','10.00','0'),
('927','86','2024-11-02','00:00:00','10:00:00','10.00','0'),
('928','86','2024-11-03','00:00:00','10:00:00','10.00','0'),
('929','86','2024-11-04','00:00:00','10:00:00','10.00','0'),
('930','86','2024-11-05','00:00:00','10:00:00','10.00','0'),
('931','87','2024-11-01','00:00:00','10:00:00','10.00','0'),
('932','87','2024-11-02','00:00:00','10:00:00','10.00','0'),
('933','87','2024-11-03','00:00:00','10:00:00','10.00','0'),
('934','87','2024-11-04','00:00:00','10:00:00','10.00','0'),
('935','87','2024-11-05','00:00:00','10:00:00','10.00','0'),
('936','88','2024-11-01','00:00:00','10:00:00','10.00','0'),
('937','88','2024-11-02','00:00:00','10:00:00','10.00','0'),
('938','88','2024-11-03','00:00:00','10:00:00','10.00','0'),
('939','88','2024-11-04','00:00:00','10:00:00','10.00','0'),
('940','88','2024-11-05','00:00:00','10:00:00','10.00','0'),
('941','89','2024-11-01','08:00:00','16:00:00','8.00','0'),
('942','89','2024-11-02','08:00:00','16:00:00','8.00','0'),
('943','89','2024-11-03','08:00:00','16:00:00','8.00','0'),
('944','89','2024-11-04','08:00:00','16:00:00','8.00','0'),
('945','89','2024-11-05','08:00:00','16:00:00','8.00','0'),
('946','90','2024-11-01','00:00:00','10:00:00','10.00','0'),
('947','90','2024-11-02','00:00:00','10:00:00','10.00','0'),
('948','90','2024-11-03','00:00:00','10:00:00','10.00','0'),
('949','90','2024-11-04','00:00:00','10:00:00','10.00','0'),
('950','90','2024-11-05','00:00:00','10:00:00','10.00','0'),
('951','91','2024-11-01','08:00:00','18:00:00','10.00','0'),
('952','91','2024-11-02','08:00:00','18:00:00','10.00','0'),
('953','91','2024-11-03','08:00:00','18:00:00','10.00','0'),
('954','91','2024-11-04','08:00:00','18:00:00','10.00','0'),
('955','91','2024-11-05','08:00:00','18:00:00','10.00','0'),
('956','92','2024-11-01','00:00:00','06:00:00','6.00','0'),
('957','92','2024-11-02','00:00:00','06:00:00','6.00','0'),
('958','92','2024-11-03','00:00:00','06:00:00','6.00','0'),
('959','92','2024-11-04','00:00:00','06:00:00','6.00','0'),
('960','92','2024-11-05','00:00:00','06:00:00','6.00','0'),
('961','93','2024-11-01','08:00:00','16:00:00','8.00','0'),
('962','93','2024-11-02','08:00:00','16:00:00','8.00','0'),
('963','93','2024-11-03','08:00:00','16:00:00','8.00','0'),
('964','93','2024-11-04','08:00:00','16:00:00','8.00','0'),
('965','93','2024-11-05','08:00:00','16:00:00','8.00','0'),
('966','94','2024-11-01','08:00:00','18:00:00','10.00','0'),
('967','94','2024-11-02','08:00:00','18:00:00','10.00','0'),
('968','94','2024-11-03','08:00:00','18:00:00','10.00','0'),
('969','94','2024-11-04','08:00:00','18:00:00','10.00','0'),
('970','94','2024-11-05','08:00:00','18:00:00','10.00','0'),
('971','95','2024-11-01','00:00:00','06:00:00','6.00','0'),
('972','95','2024-11-02','00:00:00','06:00:00','6.00','0'),
('973','95','2024-11-03','00:00:00','06:00:00','6.00','0'),
('974','95','2024-11-04','00:00:00','06:00:00','6.00','0'),
('975','95','2024-11-05','00:00:00','06:00:00','6.00','0'),
('976','96','2024-11-01','00:00:00','10:00:00','10.00','0'),
('977','96','2024-11-02','00:00:00','10:00:00','10.00','0'),
('978','96','2024-11-03','00:00:00','10:00:00','10.00','0'),
('979','96','2024-11-04','00:00:00','10:00:00','10.00','0'),
('980','96','2024-11-05','00:00:00','10:00:00','10.00','1'),
('981','97','2024-11-01','08:00:00','18:00:00','10.00','0'),
('982','97','2024-11-02','08:00:00','18:00:00','10.00','0'),
('983','97','2024-11-03','08:00:00','18:00:00','10.00','0'),
('984','97','2024-11-04','08:00:00','18:00:00','10.00','0'),
('985','97','2024-11-05','08:00:00','18:00:00','10.00','0'),
('986','98','2024-11-01','08:00:00','18:00:00','10.00','0'),
('987','98','2024-11-02','08:00:00','18:00:00','10.00','0'),
('988','98','2024-11-03','08:00:00','18:00:00','10.00','0'),
('989','98','2024-11-04','08:00:00','18:00:00','10.00','0'),
('990','98','2024-11-05','08:00:00','18:00:00','10.00','0'),
('991','99','2024-11-01','08:00:00','16:00:00','8.00','0'),
('992','99','2024-11-02','08:00:00','16:00:00','8.00','0'),
('993','99','2024-11-03','08:00:00','16:00:00','8.00','0'),
('994','99','2024-11-04','08:00:00','16:00:00','8.00','0'),
('995','99','2024-11-05','08:00:00','16:00:00','8.00','0'),
('996','100','2024-11-01','00:00:00','10:00:00','10.00','0'),
('997','100','2024-11-02','00:00:00','10:00:00','10.00','0'),
('998','100','2024-11-03','00:00:00','10:00:00','10.00','0'),
('999','100','2024-11-04','00:00:00','10:00:00','10.00','0'),
('1000','100','2024-11-05','00:00:00','10:00:00','10.00','0'),
('1002','12','2024-11-06','08:00:00','15:00:00','7.00','1'),
('1003','101','2024-11-06','09:00:00','16:00:00','7.00','1'),
('1004','101','2024-11-08','07:00:00','15:00:00','8.00','1'),
('1005','101','2024-11-13','09:00:00','12:00:00','3.00','0'),
('1006','101','2024-11-13','07:00:00','19:00:00','12.00','0'),
('1007','63','2024-11-19','07:00:00','15:00:00','8.00','0');

INSERT INTO nieobecnosci VALUES ('1','101','2024-11-13','','0'),
('2','101','2024-11-12','','0');

INSERT INTO zatwierdzenia VALUES ('1','948','101','1','2024-11-06 11:47:53',''),
('2','948','101','0','2024-11-06 11:47:57',''),
('3','901','101','1','2024-11-06 14:01:13',''),
('4','709','101','1','2024-11-06 14:01:15',''),
('5','1003','101','1','2024-11-06 15:21:13',''),
('6','1002','101','1','2024-11-07 09:48:50','qpow'),
('7','560','101','1','2024-11-07 09:54:46','idk'),
('8','815','101','1','2024-11-07 09:56:17','pols'),
('9','800','101','1','2024-11-07 09:56:55','idkkk'),
('10','1002','101','0','2024-11-07 10:00:41','null'),
('11','1002','101','1','2024-11-07 10:03:23','kiij'),
('12','595','101','1','2024-11-07 10:03:49','jjuj'),
('13','520','101','1','2024-11-07 10:04:12','x'),
('14','910','101','1','2024-11-07 10:04:24','xx'),
('15','620','101','1','2024-11-07 10:04:42','xy'),
('16','845','101','1','2024-11-07 10:04:59','idkk'),
('17','825','101','1','2024-11-07 10:05:07','asd'),
('18','770','101','1','2024-11-07 10:05:43','tyy'),
('19','720','101','1','2024-11-07 10:06:03','yy'),
('20','1002','101','0','2024-11-07 10:06:09','nie'),
('21','1003','101','0','2024-11-07 10:06:54','null'),
('22','560','101','0','2024-11-07 10:07:19','null'),
('23','1003','101','1','2024-11-07 10:18:38',''),
('24','1003','101','1','2024-11-07 10:18:58',''),
('25','1003','101','1','2024-11-07 10:19:14',''),
('26','1003','101','0','2024-11-07 12:35:44','null'),
('27','815','101','0','2024-11-07 12:36:59',''),
('28','815','101','0','2024-11-07 12:37:01',''),
('29','800','101','0','2024-11-07 12:37:50',''),
('30','800','101','0','2024-11-07 12:37:58',''),
('31','595','101','0','2024-11-07 12:39:47',''),
('32','595','101','0','2024-11-07 12:39:48',''),
('33','520','101','0','2024-11-07 12:39:50',''),
('34','620','101','0','2024-11-07 12:39:52',''),
('35','520','101','0','2024-11-07 12:39:54',''),
('36','910','101','0','2024-11-07 12:40:35',''),
('37','910','101','1','2024-11-07 12:40:36',''),
('38','845','101','0','2024-11-07 14:00:05',''),
('39','1003','101','1','2024-11-08 14:11:18',''),
('40','560','101','1','2024-11-08 14:11:18',''),
('41','815','101','1','2024-11-08 14:11:18',''),
('42','800','101','1','2024-11-08 14:11:18',''),
('43','595','101','1','2024-11-08 14:11:18',''),
('44','520','101','1','2024-11-08 14:11:18',''),
('45','620','101','1','2024-11-08 14:11:18',''),
('46','845','101','1','2024-11-08 14:11:18',''),
('47','555','101','1','2024-11-08 14:14:49',''),
('48','890','101','1','2024-11-08 14:14:49',''),
('49','635','101','1','2024-11-08 14:14:49',''),
('50','830','101','1','2024-11-08 14:14:49',''),
('51','660','101','1','2024-11-08 14:14:49',''),
('52','610','101','1','2024-11-08 14:14:49',''),
('53','980','101','1','2024-11-08 14:14:49',''),
('54','585','101','1','2024-11-08 14:14:49',''),
('55','765','101','1','2024-11-08 14:14:49',''),
('56','650','101','1','2024-11-08 14:14:49',''),
('57','556','101','1','2024-11-08 14:15:51',''),
('58','811','101','1','2024-11-08 14:15:51',''),
('59','796','101','1','2024-11-08 14:15:51',''),
('60','591','101','1','2024-11-08 14:15:51',''),
('61','516','101','1','2024-11-08 14:15:51',''),
('62','906','101','1','2024-11-08 14:15:51',''),
('63','616','101','1','2024-11-08 14:15:51',''),
('64','841','101','1','2024-11-08 14:15:51',''),
('65','821','101','1','2024-11-08 14:15:51',''),
('66','766','101','1','2024-11-08 14:15:51',''),
('67','1004','101','1','2024-11-12 14:42:40',''),
('68','948','101','1','2024-11-13 10:26:33',''),
('69','1002','101','1','2024-11-13 11:15:49',''),
('70','948','101','0','2024-11-18 12:34:28',''),
('73','846','101','1','2024-11-22 15:15:36',''),
('74','687','101','1','2024-11-22 15:16:23','koment');

